{"options":{"comment":null,"compatopts_for_requires":true,"compat_wrappedjsobject":false,"compat_metadata":false,"compat_foreach":false,"compat_arrayleft":false,"compat_uW_gmonkey":false,"compat_forvarin":false,"noframes":null,"awareOfChrome":false,"run_at":null,"user_agent":"","override":{"includes":false,"merge_includes":true,"use_includes":[],"orig_includes":[],"matches":false,"merge_matches":true,"use_matches":[],"orig_matches":["https://prod11gbss8.rose-hulman.edu/BanSS/bwpkteis.P_SelectTimeSheetDriver"],"excludes":false,"merge_excludes":true,"use_excludes":[],"orig_excludes":[],"orig_noframes":null,"orig_run_at":"document-idle"}},"settings":{"enabled":true,"position":1},"meta":{"name":"Date Selector","uuid":"a21100ba-4bf6-469e-b366-2e5afe5be227","modified":1435796546704}}